{
  "prepare_queue": {
    "installed": [],
    "uninstalled": []
  },
  "config_munge": {
    "files": {
      "res/xml/config.xml": {
        "parents": {
          "/*": [
            {
              "xml": "<feature name=\"Whitelist\"><param name=\"android-package\" value=\"org.apache.cordova.whitelist.WhitelistPlugin\" /><param name=\"onload\" value=\"true\" /></feature>",
              "count": 1
            }
          ]
        }
      },
      "app/src/main/AndroidManifest.xml": {
        "parents": {
          "/manifest/application": [
            {
              "xml": "<application android:usesCleartextTraffic=\"true\" />",
              "count": 2,
              "mode": "merge",
              "id": "config.xml",
              "oldAttrib": {
                "android:hardwareAccelerated": "true",
                "android:icon": "@mipmap/ic_launcher",
                "android:label": "@string/app_name",
                "android:roundIcon": "@mipmap/ic_launcher_round",
                "android:supportsRtl": "true",
                "android:usesCleartextTraffic": "true"
              }
            },
            {
              "xml": "<application android:icon=\"@mipmap/ic_launcher\" android:roundIcon=\"@mipmap/ic_launcher_round\" />",
              "count": 1,
              "mode": "merge",
              "id": "config.xml",
              "oldAttrib": {
                "android:hardwareAccelerated": "true",
                "android:icon": "@mipmap/ic_launcher",
                "android:label": "@string/app_name",
                "android:roundIcon": "@mipmap/ic_launcher_round",
                "android:supportsRtl": "true",
                "android:usesCleartextTraffic": "true"
              }
            }
          ],
          "/manifest/application/": [
            {
              "xml": "<meta-data android:name=\"com.google.firebase.messaging.default_notification_icon\" android:resource=\"@mipmap/ic_launcher_round\" />",
              "count": 31
            }
          ]
        }
      }
    }
  },
  "installed_plugins": {
    "cordova-plugin-whitelist": {
      "PACKAGE_NAME": "com.spcom.devcore"
    }
  },
  "dependent_plugins": {},
  "modules": [],
  "plugin_metadata": {
    "cordova-plugin-whitelist": "1.3.4"
  }
}